Origin,Handle Time Seconds,Source
Community,943.0400478182905,Omni
Phone,918.8893732970027,Omni
WhatsApp,765.9489489489489,Omni
Email,752.8951287999023,Omni
Email,476.6,Phone
Phone,384.4622330779764,Phone
Web,295.728,Omni
