Origin,Count,Percentage
Web,20189,35.153488534066966
Phone,20087,34.97588410440354
WhatsApp,9901,17.23981821664258
Email,5317,9.258066201180547
Community,1875,3.2647873099893787
